"Tariff","Office","SAD Date","Month","Year","SAD #","Importer","Importer Name","SAD Model","COE","SELECTED COE","REGION","SELECTED REGION","COE Nam","Item #","Chapter","LEN","TARIFF2","LEN CHK","HS2","HS4","PRINC_IMP","Goods Dsc.","Nat. Proc","Preferenc","COO","COO Name","Invoice Value","Freight & Ins.","CIF","Total Tax","IMD","IEX","TCT","WAL","UOM CODE","qtywgt","yearMonth","UID","unitValue"
20079900,"FFSEA",1689811200,"07",2023,532,18470,"A.M.S GLOBAL","IM 4","CN","2. China","Asia","3. Asia","China",31,20,8,"20079900",8,"20","2007",NA,"Nutella 400g",0,"null","NZ","New Zeala",286.62,0,286.62,66.06,"42.99","0","23.07","0","KGM",120,"2023-07",1057,2.39
20079900,"FFSEA",1691539200,"08",2023,633,16949,"JY OCEAN TRADING","IM 4","AU","1. Australia","Oceania","5. Oceania","Australia",94,20,8,"20079900",8,"20","2007",NA,"HAZELNUT SPREAD",0,"null","AU","Australia",725,38.14,763.14,175.9,"114.47","0","61.43","0","KGM",1,"2023-08",2677,763.14
20079900,"FFSEA",1691539200,"08",2023,633,16949,"JY OCEAN TRADING","IM 4","AU","1. Australia","Oceania","5. Oceania","Australia",60,20,8,"20079900",8,"20","2007",NA,"HAZELNUT SPREAD",0,"null","AU","Australia",551,28.99,579.99,133.69,"87","0","46.69","0","KGM",1,"2023-08",2643,579.99
20081900,"FFSEA",1694995200,"09",2023,733,11267,"MACKENZIE TRADING LIMITED","IM 4","FJ","3. Fiji","Oceania","5. Oceania","Fiji",8,20,8,"20081900",8,"20","2008",NA,"Coconut cream",0,"null","FJ","Fiji",562.88,55.38,618.26,218.59,"92.74","71.099999999999994","54.75","0","KGM",10,"2023-09",5200,61.83
20081900,"FFSEA",1694736000,"09",2023,718,16949,"JY OCEAN TRADING","IM 4","AU","1. Australia","Oceania","5. Oceania","Australia",70,20,8,"20081900",8,"20","2008",NA,"HLNUT SPREAD",0,"null","AU","Australia",536,30.94,566.94,200.44,"85.04","65.2","50.2","0","KGM",1,"2023-09",4808,566.94
20081900,"FFSEA",1694736000,"09",2023,718,16949,"JY OCEAN TRADING","IM 4","AU","1. Australia","Oceania","5. Oceania","Australia",48,20,8,"20081900",8,"20","2008",NA,"HNUT SPREAD",0,"null","AU","Australia",615,35.5,650.5,229.99,"97.58","74.81","57.6","0","KGM",1,"2023-09",4786,650.5
20081900,"FFSEA",1694736000,"09",2023,718,16949,"JY OCEAN TRADING","IM 4","AU","1. Australia","Oceania","5. Oceania","Australia",111,20,8,"20081900",8,"20","2008",NA,"MIXED NUT",0,"null","AU","Australia",513.6,29.65,543.25,192.06,"81.489999999999995","62.47","48.1","0","KGM",1,"2023-09",4849,543.25
27101990,"FFSEA",1691798400,"08",2023,650,11267,"MACKENZIE TRADING LIMITED","IM 4","NZ","8. New Zealand","Oceania","5. Oceania","New Zeal",1,27,8,"27101990",8,"27","2710","27","PETRO",0,"null","NZ","New Zeala",24092.5,11173.32,35265.82,2468.61,"0","0","2468.61","0","LTR",1,"2023-08",3138,35265.82
27101990,"FFSEA",1694736000,"09",2023,724,11267,"MACKENZIE TRADING LIMITED","IM 4","NZ","8. New Zealand","Oceania","5. Oceania","New Zeal",1,27,8,"27101990",8,"27","2710","27","PETRO",0,"null","NZ","New Zeala",60319.8,21840.44,82160.24,5751.22,"0","0","5751.22","0","LTR",23000,"2023-09",5043,3.57
27101990,"FFSEA",1691798400,"08",2023,649,11267,"MACKENZIE TRADING LIMITED","IM 4","NZ","8. New Zealand","Oceania","5. Oceania","New Zeal",1,27,8,"27101990",8,"27","2710","27","PETRO",0,"null","NZ","New Zeala",19441.43,10070.34,29511.77,2065.82,"0","0","2065.8200000000002","0","LTR",1,"2023-08",3137,29511.77
27101990,"FFSEA",1691798400,"08",2023,650,11267,"MACKENZIE TRADING LIMITED","IM 4","NZ","8. New Zealand","Oceania","5. Oceania","New Zeal",2,27,8,"27101990",8,"27","2710","27","PETRO",0,"null","NZ","New Zeala",24092.5,11173.32,35265.82,2468.61,"0","0","2468.61","0","LTR",1,"2023-08",3139,35265.82
28044000,"FFSEA",1692230400,"08",2023,661,10432,"PACIFIC ENERGY SWP PTE LTD","IM 4","FJ","3. Fiji","Oceania","5. Oceania","Fiji",25,28,8,"28044000",8,"28","2804",NA,"GAS SET OXYCY/ACETYLINE",0,"null","AU","Australia",355.1,84.26,439.36,30.76,"0","0","30.76","0","MTQ",0.5,"2023-08",3520,878.72
28044000,"FFSEA",1691366400,"08",2023,610,28020,"HALL CONTRACTING","IM 4","FJ","3. Fiji","Oceania","5. Oceania","Fiji",1,28,8,"28044000",8,"28","2804",NA,"OXY SIZE G",212,"null","AU","Australia",904.08,1713.65,2617.73,0,"0","0","0","0","MTQ",5,"2023-08",1911,523.55
30041000,"FFSEA",1690416000,"07",2023,570,13225,"COPIER SOLUTION TECH","IM 4","FJ","3. Fiji","Oceania","5. Oceania","Fiji",12,30,8,"30041000",8,"30","3004","30","Vicks Vapour Rub 50g",0,"null","FJ","Fiji",17.45,1.81,19.26,1.35,"0","0","1.35","0","KGM",0.01,"2023-07",1366,1926
30041000,"FFSEA",1690416000,"07",2023,570,13225,"COPIER SOLUTION TECH","IM 4","FJ","3. Fiji","Oceania","5. Oceania","Fiji",13,30,8,"30041000",8,"30","3004","30","Panadol 500g",0,"null","FJ","Fiji",203.9,21.11,225.01,15.75,"0","0","15.75","0","KGM",0.44,"2023-07",1367,511.39
37032000,"FFSEA",1695859200,"09",2023,762,13225,"COPIER SOLUTION TECH","IM 4","FJ","3. Fiji","Oceania","5. Oceania","Fiji",80,37,8,"37032000",8,"37","3703",NA,"A4 PINK PHOTO COPY PAPER",0,"null","FJ","Fiji",74.23,9.83,84.06,32.87,"25.22","0","7.65","0","KGM",0.07,"2023-09",6035,1200.86
37032000,"FFSEA",1695859200,"09",2023,762,13225,"COPIER SOLUTION TECH","IM 4","FJ","3. Fiji","Oceania","5. Oceania","Fiji",78,37,8,"37032000",8,"37","3703",NA,"A4 BLUE PHOTO COPY PAPER",0,"null","FJ","Fiji",59.38,7.87,67.25,26.3,"20.18","0","6.12","0","KGM",0.07,"2023-09",6033,960.71
37032000,"FFSEA",1690416000,"07",2023,569,13225,"COPIER SOLUTION TECH","IM 4","FJ","3. Fiji","Oceania","5. Oceania","Fiji",36,37,8,"37032000",8,"37","3703",NA,"GHS CFB Pink 60gsm 650X910 PKT-500",0,"null","FJ","Fiji",203.98,40.63,244.61,95.64,"73.38","0","22.26","0","KGM",0.05,"2023-07",1350,4892.2
37032000,"FFSEA",1695859200,"09",2023,762,13225,"COPIER SOLUTION TECH","IM 4","FJ","3. Fiji","Oceania","5. Oceania","Fiji",81,37,8,"37032000",8,"37","3703",NA,"A4 GREEN PHOTO COPY PAPER",0,"null","FJ","Fiji",74.23,9.83,84.06,32.87,"25.22","0","7.65","0","KGM",0.07,"2023-09",6036,1200.86
37032000,"FFSEA",1690416000,"07",2023,569,13225,"COPIER SOLUTION TECH","IM 4","FJ","3. Fiji","Oceania","5. Oceania","Fiji",31,37,8,"37032000",8,"37","3703",NA,"A4 GREEN PHOTO COPY PAPER 80gsm REAM-500",0,"null","FJ","Fiji",14.85,2.96,17.81,6.96,"5.34","0","1.62","0","KGM",0,"2023-07",1344,Inf
37032000,"FFSEA",1695859200,"09",2023,762,13225,"COPIER SOLUTION TECH","IM 4","FJ","3. Fiji","Oceania","5. Oceania","Fiji",82,37,8,"37032000",8,"37","3703",NA,"A4 BUFF PHOTO COPY PAPER",0,"null","FJ","Fiji",74.23,9.83,84.06,32.87,"25.22","0","7.65","0","KGM",0.07,"2023-09",6037,1200.86
37032000,"FFSEA",1695859200,"09",2023,762,13225,"COPIER SOLUTION TECH","IM 4","FJ","3. Fiji","Oceania","5. Oceania","Fiji",79,37,8,"37032000",8,"37","3703",NA,"A4 YELLOW PHOTO COPY PAPER",0,"null","FJ","Fiji",59.38,7.87,67.25,26.3,"20.18","0","6.12","0","KGM",0.07,"2023-09",6034,960.71
37032000,"FFSEA",1690416000,"07",2023,569,13225,"COPIER SOLUTION TECH","IM 4","FJ","3. Fiji","Oceania","5. Oceania","Fiji",30,37,8,"37032000",8,"37","3703",NA,"A4 PINK PHOTO COPY PAPER 80gsm REAM-500",0,"null","FJ","Fiji",14.85,2.96,17.81,6.96,"5.34","0","1.62","0","KGM",0,"2023-07",1343,Inf
37032000,"FFSEA",1690416000,"07",2023,569,13225,"COPIER SOLUTION TECH","IM 4","FJ","3. Fiji","Oceania","5. Oceania","Fiji",29,37,8,"37032000",8,"37","3703",NA,"A4 YELLOW PHOTO COPY PAPER 80gsm REAM-500",0,"null","FJ","Fiji",14.85,2.96,17.81,6.96,"5.34","0","1.62","0","KGM",0,"2023-07",1342,Inf
37032000,"FFSEA",1695859200,"09",2023,762,13225,"COPIER SOLUTION TECH","IM 4","FJ","3. Fiji","Oceania","5. Oceania","Fiji",99,37,8,"37032000",8,"37","3703",NA,"A5 WHITE PHOTOCOPY PAPER",0,"null","FJ","Fiji",209.79,27.79,237.58,92.89,"71.27","0","21.62","0","KGM",3.07,"2023-09",6054,77.39
37032000,"FFSEA",1690416000,"07",2023,569,13225,"COPIER SOLUTION TECH","IM 4","FJ","3. Fiji","Oceania","5. Oceania","Fiji",28,37,8,"37032000",8,"37","3703",NA,"A4 BLUE PHOTO COPY PAPER 80gsm REAM-500",0,"null","FJ","Fiji",14.85,2.96,17.81,6.96,"5.34","0","1.62","0","KGM",0,"2023-07",1341,Inf
44123400,"FFSEA",1690156800,"07",2023,550,16949,"JY OCEAN TRADING","IM 4","FJ","3. Fiji","Oceania","5. Oceania","Fiji",5,44,8,"44123400",8,"44","4412","44","MARINE FOAMPLY  18MMX100SHT",0,"null","SG","Singapore",33040,3836.19,36876.19,0,"null","null","null","null","KGM",2,"2023-07",1228,18438.1
44123400,"FFSEA",1690156800,"07",2023,550,16949,"JY OCEAN TRADING","IM 4","FJ","3. Fiji","Oceania","5. Oceania","Fiji",2,44,8,"44123400",8,"44","4412","44","PLYWOOD 9MMX110SHT",0,"null","SG","Singapore",8756,1016.64,9772.64,0,"null","null","null","null","KGM",1,"2023-07",1225,9772.64
44123400,"FFSEA",1694736000,"09",2023,718,16949,"JY OCEAN TRADING","IM 4","AU","1. Australia","Oceania","5. Oceania","Australia",119,44,8,"44123400",8,"44","4412","44","PLYWOOD",0,"null","AU","Australia",6224.4,359.32,6583.72,0,"null","null","null","null","KGM",156,"2023-09",4857,42.2
44123400,"FFSEA",1690156800,"07",2023,550,16949,"JY OCEAN TRADING","IM 4","FJ","3. Fiji","Oceania","5. Oceania","Fiji",3,44,8,"44123400",8,"44","4412","44","PLYWOOD12MMX80SHT",0,"null","SG","Singapore",9561,1110.1,10671.1,0,"null","null","null","null","KGM",1,"2023-07",1226,10671.1
44123400,"FFSEA",1690156800,"07",2023,550,16949,"JY OCEAN TRADING","IM 4","FJ","3. Fiji","Oceania","5. Oceania","Fiji",4,44,8,"44123400",8,"44","4412","44","MARINE  FOAMPLY  12MMX80SHT",0,"null","SG","Singapore",15620,1813.6,17433.6,0,"null","null","null","null","KGM",1,"2023-07",1227,17433.6
44123400,"FFSEA",1690156800,"07",2023,550,16949,"JY OCEAN TRADING","IM 4","FJ","3. Fiji","Oceania","5. Oceania","Fiji",1,44,8,"44123400",8,"44","4412","44","PLYWWOD 6MMX210SHT",0,"null","SG","Singapore",12650,1468.76,14118.76,0,"null","null","null","null","KGM",1,"2023-07",1224,14118.76
44123400,"FFSEA",1691452800,"08",2023,621,16949,"JY OCEAN TRADING","IM 4","FJ","3. Fiji","Oceania","5. Oceania","Fiji",9,44,8,"44123400",8,"44","4412","44","PREMIUM DIVAN KING PLY",0,"null","FJ","Fiji",2631.46,533.17,3164.63,0,"null","null","null","null","KGM",2,"2023-08",1983,1582.32
44123400,"FFSEA",1691625600,"08",2023,644,16949,"JY OCEAN TRADING","IM 4","CN","2. China","Asia","3. Asia","China",3,44,8,"44123400",8,"44","4412","44","HARD PLY FOR FLOOR",0,"null","CN","China",11840,2135.75,13975.75,0,"null","null","null","null","KGM",40,"2023-08",3033,349.39
44123400,"FFSEA",1694736000,"09",2023,718,16949,"JY OCEAN TRADING","IM 4","AU","1. Australia","Oceania","5. Oceania","Australia",120,44,8,"44123400",8,"44","4412","44","PLYWOOD",0,"null","AU","Australia",42660,2462.7,45122.7,0,"null","null","null","null","KGM",316,"2023-09",4858,142.79
44123400,"FFSEA",1689638400,"07",2023,520,16949,"JY OCEAN TRADING","IM 4","AU","1. Australia","Oceania","5. Oceania","Australia",45,44,8,"44123400",8,"44","4412","44","PLYWOOD",0,"null","AU","Australia",54900,3511.77,58411.77,0,"null","null","null","null","KGM",600,"2023-07",838,97.35
48171090,"FFSEA",1690416000,"07",2023,569,13225,"COPIER SOLUTION TECH","IM 4","FJ","3. Fiji","Oceania","5. Oceania","Fiji",9,48,8,"48171090",8,"48","4817",NA,"ENVLOPE VITI 133001 DLE Manilla 9 x 4 (500",0,"null","FJ","Fiji",35.5,7.07,42.57,9.82,"6.39","0","3.43","0","KGM",0.01,"2023-07",1320,4257
48171090,"FFSEA",1695859200,"09",2023,762,13225,"COPIER SOLUTION TECH","IM 4","FJ","3. Fiji","Oceania","5. Oceania","Fiji",91,48,8,"48171090",8,"48","4817",NA,"ENVLOPE VITI White Env 250s",0,"null","FJ","Fiji",189.77,25.13,214.9,49.54,"32.24","0","17.3","0","KGM",0.17,"2023-09",6046,1264.12
48171090,"FFSEA",1690416000,"07",2023,569,13225,"COPIER SOLUTION TECH","IM 4","FJ","3. Fiji","Oceania","5. Oceania","Fiji",8,48,8,"48171090",8,"48","4817",NA,"ENVLOPE VITI 9.5 X 6.5 Manilla 241x165 Enve BX-250",0,"null","FJ","Fiji",38.73,7.71,46.44,10.71,"6.97","0","3.74","0","KGM",0,"2023-07",1319,Inf
48171090,"FFSEA",1695859200,"09",2023,762,13225,"COPIER SOLUTION TECH","IM 4","FJ","3. Fiji","Oceania","5. Oceania","Fiji",90,48,8,"48171090",8,"48","4817",NA,"ENVLOPE VITI  Manilla 250s",0,"null","FJ","Fiji",322.76,42.74,365.5,84.25,"54.83","0","29.42","0","KGM",0.47,"2023-09",6045,777.66
48171090,"FFSEA",1690416000,"07",2023,569,13225,"COPIER SOLUTION TECH","IM 4","FJ","3. Fiji","Oceania","5. Oceania","Fiji",10,48,8,"48171090",8,"48","4817",NA,"ENVLOPE VITI 133294 12 x 10 Manilla 250s",0,"null","FJ","Fiji",160.73,32.01,192.74,44.43,"28.91","0","15.52","0","KGM",0.06,"2023-07",1321,3212.33
48209000,"FFSEA",1690416000,"07",2023,569,13225,"COPIER SOLUTION TECH","IM 4","FJ","3. Fiji","Oceania","5. Oceania","Fiji",26,48,8,"48209000",8,"48","4820",NA,"FILE PRC PRINTED WITH BUTTON X 12s",0,"null","FJ","Fiji",30.66,6.11,36.77,8.48,"5.52","0","2.96","0","KGM",0.02,"2023-07",1339,1838.5
48209000,"FFSEA",1690416000,"07",2023,569,13225,"COPIER SOLUTION TECH","IM 4","FJ","3. Fiji","Oceania","5. Oceania","Fiji",27,48,8,"48209000",8,"48","4820",NA,"CAMPAP A5 SPIRAL EXERCISE BOOK -5 SUBJECT",0,"null","FJ","Fiji",342.12,68.14,410.26,94.57,"61.54","0","33.03","0","KGM",4.31,"2023-07",1340,95.19
48209000,"FFSEA",1690156800,"07",2023,546,23047,"DEPARTMENT OF LOCAL GOVERNMENT","IM 4","TW","11. Taiwan","Asia","3. Asia","Taiwan,",12,48,8,"48209000",8,"48","4820",NA,"FILE FOLDER",202,"null","AU","Australia",129.69,8.23,137.92,0,"0","0","0","0","KGM",120,"2023-07",1210,1.15
48209000,"FFSEA",1690416000,"07",2023,569,13225,"COPIER SOLUTION TECH","IM 4","FJ","3. Fiji","Oceania","5. Oceania","Fiji",16,48,8,"48209000",8,"48","4820",NA,"CAMPAP FILE INDEX DIVIDER A-Z (ALPHABETICAL)",0,"null","FJ","Fiji",48.41,9.64,58.05,13.38,"8.7100000000000009","0","4.67","0","KGM",0.12,"2023-07",1328,483.75
48209000,"FFSEA",1690416000,"07",2023,569,13225,"COPIER SOLUTION TECH","IM 4","FJ","3. Fiji","Oceania","5. Oceania","Fiji",15,48,8,"48209000",8,"48","4820",NA,"CAMPAP FILE INDEX DIVIDER 1-10",0,"null","FJ","Fiji",25.82,5.14,30.96,7.13,"4.6399999999999997","0","2.4900000000000002","0","KGM",0.07,"2023-07",1327,442.29
52081200,"FFSEA",1689206400,"07",2023,511,11605,"LEILY'S PTY LTD","IM 4","FJ","3. Fiji","Oceania","5. Oceania","Fiji",25,52,8,"52081200",8,"52","5208","5208-12","Cotton Poplin Mix",0,"null","FJ","Fiji",10173,844.44,11017.44,3011.06,"2093.31","0","917.75","0","MTK",50,"2023-07",174,220.35
52081200,"FFSEA",1689206400,"07",2023,511,11605,"LEILY'S PTY LTD","IM 4","FJ","3. Fiji","Oceania","5. Oceania","Fiji",29,52,8,"52081200",8,"52","5208","5208-12","Cotton Poplin 3 Sets 45",0,"null","FJ","Fiji",1611.24,133.75,1744.99,476.91,"331.55","0","145.36000000000001","0","MTK",2,"2023-07",178,872.5
64022000,"FFSEA",1695859200,"09",2023,770,14464,"EDWIN FOOD CITY","IM 4","FJ","3. Fiji","Oceania","5. Oceania","Fiji",13,64,8,"64022000",8,"64","6402",NA,"Bata Flipflop Size 11",0,"null","FJ","Fiji",167.46,45.47,212.93,58.2,"40.46","0","17.739999999999998","0","NPR",0.09,"2023-09",6231,2365.89
64022000,"FFSEA",1690502400,"07",2023,571,14464,"EDWIN FOOD CITY","IM 4","FJ","3. Fiji","Oceania","5. Oceania","Fiji",8,64,8,"64022000",8,"64","6402",NA,"Bata Flips Flops #11",0,"null","FJ","Fiji",189.83,26.2,216.03,59.05,"41.05","0","18","0","NPR",0.06,"2023-07",1394,3600.5
64022000,"FFSEA",1691452800,"08",2023,627,15215,"NANG STORE","IM 4","CN","2. China","Asia","3. Asia","China",110,64,8,"64022000",8,"64","6402",NA,"Sun hat",0,"null","CN","China",100,35.71,135.71,37.08,"25.78","0","11.3","0","NPR",1,"2023-08",2421,135.71
64022000,"FFSEA",1691452800,"08",2023,626,15215,"NANG STORE","IM 4","CN","2. China","Asia","3. Asia","China",27,64,8,"64022000",8,"64","6402",NA,"Oversized slippers",0,"null","CN","China",173.92,62.37,236.29,64.58,"44.9","0","19.68","0","NPR",7,"2023-08",2222,33.76
64022000,"FFSEA",1695859200,"09",2023,770,14464,"EDWIN FOOD CITY","IM 4","FJ","3. Fiji","Oceania","5. Oceania","Fiji",12,64,8,"64022000",8,"64","6402",NA,"Bata Flipflop Size 10",0,"null","FJ","Fiji",178.43,48.44,226.87,62.01,"43.11","0","18.899999999999999","0","NPR",0.06,"2023-09",6230,3781.17
64022000,"FFSEA",1695859200,"09",2023,770,14464,"EDWIN FOOD CITY","IM 4","FJ","3. Fiji","Oceania","5. Oceania","Fiji",14,64,8,"64022000",8,"64","6402",NA,"Bata Flipflop Size 12",0,"null","FJ","Fiji",167.46,45.47,212.93,58.2,"40.46","0","17.739999999999998","0","NPR",0.09,"2023-09",6232,2365.89
64022000,"FFSEA",1690502400,"07",2023,571,14464,"EDWIN FOOD CITY","IM 4","FJ","3. Fiji","Oceania","5. Oceania","Fiji",7,64,8,"64022000",8,"64","6402",NA,"Bata Flips Flops #10",0,"null","FJ","Fiji",189.83,26.2,216.03,59.05,"41.05","0","18","0","NPR",0.06,"2023-07",1393,3600.5
64022000,"FFSEA",1692748800,"08",2023,668,18840,"KOKO MART","IM 4","FJ","3. Fiji","Oceania","5. Oceania","Fiji",1,64,8,"64022000",8,"64","6402",NA,"Flipflop",0,"null","FJ","Fiji",312.4,110.85,423.25,115.68,"80.42","0","35.26","0","NPR",48,"2023-08",3732,8.82
64022000,"FFSEA",1695859200,"09",2023,770,14464,"EDWIN FOOD CITY","IM 4","FJ","3. Fiji","Oceania","5. Oceania","Fiji",15,64,8,"64022000",8,"64","6402",NA,"Bata Flipflop",0,"null","FJ","Fiji",167.46,45.47,212.93,58.2,"40.46","0","17.739999999999998","0","NPR",309,"2023-09",6233,0.69
70072900,"FFSEA",1689724800,"07",2023,527,16949,"JY OCEAN TRADING","IM 4","FJ","3. Fiji","Oceania","5. Oceania","Fiji",40,70,8,"70072900",8,"70","7007","70","SAFETY GLASS 40PCS 1CTNS",0,"null","CN","China",68,2.5,70.5,16.26,"10.58","0","5.68","0","MTR",1,"2023-07",958,70.5
70072900,"FFSEA",1695859200,"09",2023,763,25686,"PUBLIC WORKS DEPARTMENT","IM 4","FJ","3. Fiji","Oceania","5. Oceania","Fiji",1,70,8,"70072900",8,"70","7007","70","LAMINATED GREY TINT GLASS",202,"null","NZ","New Zeala",46703.77,8507.58,55211.35,0,"0","0","0","0","MTR",25,"2023-09",6075,2208.45
82084000,"FFSEA",1692662400,"08",2023,667,11267,"MACKENZIE TRADING LIMITED","IM 4","FJ","3. Fiji","Oceania","5. Oceania","Fiji",37,82,8,"82084000",8,"82","8208",NA,"Brushcutter bike handle",0,"null","FJ","Fiji",1260.67,82.22,1342.89,94,"0","0","94","0","KGM",6,"2023-08",3638,223.82
82084000,"FFSEA",1692662400,"08",2023,667,11267,"MACKENZIE TRADING LIMITED","IM 4","FJ","3. Fiji","Oceania","5. Oceania","Fiji",39,82,8,"82084000",8,"82","8208",NA,"Brushcutter bike handle",0,"null","FJ","Fiji",21098.31,1375.89,22474.2,1573.19,"0","0","1573.19","0","KGM",10,"2023-08",3640,2247.42
84137000,"FFSEA",1689552000,"07",2023,513,24883,"CLIMATE CHANGE DEPARTMENT","IM 4","FJ","3. Fiji","Oceania","5. Oceania","Fiji",34,84,8,"84137000",8,"84","8413","84","SPARE FEED PUMP",202,"null","AU","Australia",5661.96,396.52,6058.48,0,"0","0","0","0","NIU",4,"2023-07",367,1514.62
84137000,"FFSEA",1689552000,"07",2023,513,24883,"CLIMATE CHANGE DEPARTMENT","IM 4","FJ","3. Fiji","Oceania","5. Oceania","Fiji",16,84,8,"84137000",8,"84","8413","84","SPARE PISTEN PUMP",202,"null","AU","Australia",18878.4,1322.09,20200.49,0,"0","0","0","0","NIU",1,"2023-07",349,20200.49
84151010,"FFSEA",1695168000,"09",2023,739,30365,"FILEMONI POULASI","IM 4","CN","2. China","Asia","3. Asia","China",3,84,8,"84151010",8,"84","8415","84","TCL split unit aircon",0,"null","FJ","Fiji",605.1,109.47,714.57,0,"null","null","null","null","NIU",1,"2023-09",5337,714.57
84151010,"FFSEA",1695686400,"09",2023,758,13225,"COPIER SOLUTION TECH","IM 4","FJ","3. Fiji","Oceania","5. Oceania","Fiji",6,84,8,"84151010",8,"84","8415","84","Beko Split Unit Aircon Inverter 12000BTU",0,"null","FJ","Fiji",3111.6,200.77,3312.37,0,"null","null","null","null","NIU",4,"2023-09",5927,828.09
84151010,"FFSEA",1695686400,"09",2023,758,13225,"COPIER SOLUTION TECH","IM 4","FJ","3. Fiji","Oceania","5. Oceania","Fiji",7,84,8,"84151010",8,"84","8415","84","TCL Split Unit Aircon Inverter 24000BTU",0,"null","FJ","Fiji",914.68,59.01,973.69,0,"null","null","null","null","NIU",1,"2023-09",5928,973.69
84158300,"FFSEA",1695168000,"09",2023,737,11041,"FOSA ELECTIRCAL SERVICES","IM 4","FJ","3. Fiji","Oceania","5. Oceania","Fiji",3,84,8,"84158300",8,"84","8415","84","AIWA 9000 BTU Inverter Air Con R410AW",0,"null","FJ","Fiji",1583.1,322.11,1905.21,316.84,"171.47","0","145.37","0","NIU",3,"2023-09",5323,635.07
84158300,"FFSEA",1695168000,"09",2023,737,11041,"FOSA ELECTIRCAL SERVICES","IM 4","FJ","3. Fiji","Oceania","5. Oceania","Fiji",2,84,8,"84158300",8,"84","8415","84","AIWA 24000 BTU Inverter Air Con R410A",0,"null","FJ","Fiji",1090.58,221.9,1312.48,218.26,"118.12","0","100.14","0","NIU",1,"2023-09",5322,1312.48
84158300,"FFSEA",1690761600,"07",2023,582,30076,"FUNAFUTI WATER & SANITATION","IM 4","FJ","3. Fiji","Oceania","5. Oceania","Fiji",29,84,8,"84158300",8,"84","8415","84","SPLIT AIRCORN",202,"null","AU","Australia",1711.9,667.64,2379.54,0,"0","0","0","0","NIU",2,"2023-07",1812,1189.77
84158300,"FFSEA",1690329600,"07",2023,562,11041,"FOSA ELECTIRCAL SERVICES","IM 4","FJ","3. Fiji","Oceania","5. Oceania","Fiji",3,84,8,"84158300",8,"84","8415","84","AIWA 24000BTU Inverter Air Con R410A",0,"null","FJ","Fiji",1090.58,274.94,1365.52,227.09,"122.9","0","104.19","0","NIU",1,"2023-07",1294,1365.52
84158300,"FFSEA",1695168000,"09",2023,737,11041,"FOSA ELECTIRCAL SERVICES","IM 4","FJ","3. Fiji","Oceania","5. Oceania","Fiji",1,84,8,"84158300",8,"84","8415","84","AIWA 12000 BTU Inverter Air Con R410A",0,"null","FJ","Fiji",1339.65,272.57,1612.22,268.11,"145.1","0","123.01","0","NIU",2,"2023-09",5321,806.11
84158300,"FFSEA",1695168000,"09",2023,737,11041,"FOSA ELECTIRCAL SERVICES","IM 4","FJ","3. Fiji","Oceania","5. Oceania","Fiji",5,84,8,"84158300",8,"84","8415","84","AIWA 24000 BTU Inverter Air Con R410A",0,"null","FJ","Fiji",2181.16,443.79,2624.95,436.53,"236.25","0","200.28","0","NIU",2,"2023-09",5325,1312.47
84158300,"FFSEA",1690761600,"07",2023,577,10030,"TUVALU ELECTRICITY CORPORATION","IM 4","FJ","3. Fiji","Oceania","5. Oceania","Fiji",98,84,8,"84158300",8,"84","8415","84","AIRCONDITION UNIT",212,"null","AU","Australia",976.84,466.3,1443.14,0,"0","0","0","0","NIU",1,"2023-07",1579,1443.14
84158300,"FFSEA",1690329600,"07",2023,562,11041,"FOSA ELECTIRCAL SERVICES","IM 4","FJ","3. Fiji","Oceania","5. Oceania","Fiji",5,84,8,"84158300",8,"84","8415","84","AIWA 12000BTU Inverter Air Con R410A",0,"null","FJ","Fiji",2679.31,675.45,3354.76,557.9,"301.93","0","255.97","0","NIU",4,"2023-07",1296,838.69
84158300,"FFSEA",1690329600,"07",2023,562,11041,"FOSA ELECTIRCAL SERVICES","IM 4","FJ","3. Fiji","Oceania","5. Oceania","Fiji",6,84,8,"84158300",8,"84","8415","84","AIWA 24000BTU Inverter Air Con R410A",0,"null","FJ","Fiji",2181.16,549.87,2731.03,454.17,"245.79","0","208.38","0","NIU",2,"2023-07",1297,1365.52
84158300,"FFSEA",1690329600,"07",2023,562,11041,"FOSA ELECTIRCAL SERVICES","IM 4","FJ","3. Fiji","Oceania","5. Oceania","Fiji",1,84,8,"84158300",8,"84","8415","84","AIWA 9000BTU Inverter Air Con R410A W",0,"null","FJ","Fiji",1055.4,266.07,1321.47,219.76,"118.93","0","100.83","0","NIU",2,"2023-07",1292,660.74
84158300,"FFSEA",1690329600,"07",2023,562,11041,"FOSA ELECTIRCAL SERVICES","IM 4","FJ","3. Fiji","Oceania","5. Oceania","Fiji",2,84,8,"84158300",8,"84","8415","84","AIWA 12000BTU Inverter Air Con R410A",0,"null","FJ","Fiji",1338.25,337.37,1675.62,278.66,"150.81","0","127.85","0","NIU",2,"2023-07",1293,837.81
84158300,"FFSEA",1694649600,"09",2023,709,11605,"LEILY'S PTY LTD","IM 4","FJ","3. Fiji","Oceania","5. Oceania","Fiji",5,84,8,"84158300",8,"84","8415","84","Simmons 1200BTU Split Type Unit",0,"null","FJ","Fiji",1266.48,279.92,1546.4,257.17,"139.18","0","117.99","0","NIU",2,"2023-09",4249,773.2
84158300,"FFSEA",1695168000,"09",2023,737,11041,"FOSA ELECTIRCAL SERVICES","IM 4","FJ","3. Fiji","Oceania","5. Oceania","Fiji",4,84,8,"84158300",8,"84","8415","84","AIWA 12000 BTU Inverter Air Con R410A",0,"null","FJ","Fiji",2009.48,408.86,2418.34,402.17,"217.65","0","184.52","0","NIU",3,"2023-09",5324,806.11
84158300,"FFSEA",1690329600,"07",2023,562,11041,"FOSA ELECTIRCAL SERVICES","IM 4","FJ","3. Fiji","Oceania","5. Oceania","Fiji",7,84,8,"84158300",8,"84","8415","84","TCL Split Unit Aircon 24000BTU R32",0,"null","FJ","Fiji",2753.22,694.08,3447.3,573.29,"310.26","0","263.02999999999997","0","NIU",3,"2023-07",1298,1149.1
84158300,"FFSEA",1690329600,"07",2023,562,11041,"FOSA ELECTIRCAL SERVICES","IM 4","FJ","3. Fiji","Oceania","5. Oceania","Fiji",4,84,8,"84158300",8,"84","8415","84","AIWA 9000BTU Inverter Air Con R410A W",0,"null","FJ","Fiji",1583.1,399.09,1982.19,329.64,"178.4","0","151.24","0","NIU",3,"2023-07",1295,660.73
84181010,"FFSEA",1689638400,"07",2023,524,16949,"JY OCEAN TRADING","IM 4","FJ","3. Fiji","Oceania","5. Oceania","Fiji",31,84,8,"84181010",8,"84","8418","84","CHEST FREEZER HCF719W2",0,"null","FJ","Fiji",4594.51,752.84,5347.35,0,"null","null","null","null","NIU",400,"2023-07",878,13.37
84181010,"FFSEA",1692662400,"08",2023,667,11267,"MACKENZIE TRADING LIMITED","IM 4","FJ","3. Fiji","Oceania","5. Oceania","Fiji",35,84,8,"84181010",8,"84","8418","84","Smad fridge",0,"null","FJ","Fiji",694.54,45.29,739.83,0,"null","null","null","null","NIU",1,"2023-08",3636,739.83
84181010,"FFSEA",1690848000,"08",2023,590,14464,"EDWIN FOOD CITY","IM 4","FJ","3. Fiji","Oceania","5. Oceania","Fiji",12,84,8,"84181010",8,"84","8418","84","Single Display Cooler",0,"null","FJ","Fiji",1319.25,216.47,1535.72,0,"null","null","null","null","NIU",1,"2023-08",1861,1535.72
84181010,"FFSEA",1694736000,"09",2023,718,16949,"JY OCEAN TRADING","IM 4","AU","1. Australia","Oceania","5. Oceania","Australia",3,84,8,"84181010",8,"84","8418","84","FREEZER",0,"null","AU","Australia",16780,968.68,17748.68,0,"null","null","null","null","NIU",5,"2023-09",4741,3549.74
84181010,"FFSEA",1692662400,"08",2023,667,11267,"MACKENZIE TRADING LIMITED","IM 4","FJ","3. Fiji","Oceania","5. Oceania","Fiji",34,84,8,"84181010",8,"84","8418","84","Midea fridge",0,"null","FJ","Fiji",495.03,32.28,527.31,0,"null","null","null","null","NIU",1,"2023-08",3635,527.31
84181010,"FFSEA",1689638400,"07",2023,520,16949,"JY OCEAN TRADING","IM 4","AU","1. Australia","Oceania","5. Oceania","Australia",33,84,8,"84181010",8,"84","8418","84","FREEZER",0,"null","AU","Australia",11060,707.47,11767.47,0,"null","null","null","null","NIU",4,"2023-07",826,2941.87
84181010,"FFSEA",1689638400,"07",2023,524,16949,"JY OCEAN TRADING","IM 4","FJ","3. Fiji","Oceania","5. Oceania","Fiji",6,84,8,"84181010",8,"84","8418","84","FREEZER HR6CF144",0,"null","FJ","Fiji",5101.1,835.86,5936.96,0,"null","null","null","null","NIU",5,"2023-07",853,1187.39
84181010,"FFSEA",1692057600,"08",2023,656,28020,"HALL CONTRACTING","IM 4","AU","1. Australia","Oceania","5. Oceania","Australia",6,84,8,"84181010",8,"84","8418","84","BAR FRIDGE",212,"null","AU","Australia",6743.3,3582.41,10325.71,0,"null","null","null","null","NIU",16,"2023-08",3253,645.36
84181010,"FFSEA",1690848000,"08",2023,590,14464,"EDWIN FOOD CITY","IM 4","FJ","3. Fiji","Oceania","5. Oceania","Fiji",24,84,8,"84181010",8,"84","8418","84","4 Door Refrigerator",0,"null","FJ","Fiji",2335.95,383.3,2719.25,0,"null","null","null","null","NIU",4,"2023-08",1873,679.81
84181010,"FFSEA",1689638400,"07",2023,520,16949,"JY OCEAN TRADING","IM 4","AU","1. Australia","Oceania","5. Oceania","Australia",32,84,8,"84181010",8,"84","8418","84","FREEZER",0,"null","AU","Australia",17190,1099.59,18289.59,0,"null","null","null","null","NIU",6,"2023-07",825,3048.26
84181010,"FFSEA",1694736000,"09",2023,718,16949,"JY OCEAN TRADING","IM 4","AU","1. Australia","Oceania","5. Oceania","Australia",4,84,8,"84181010",8,"84","8418","84","FREEZER",0,"null","AU","Australia",14755,851.78,15606.78,0,"null","null","null","null","NIU",5,"2023-09",4742,3121.36
84181010,"FFSEA",1690848000,"08",2023,590,14464,"EDWIN FOOD CITY","IM 4","FJ","3. Fiji","Oceania","5. Oceania","Fiji",13,84,8,"84181010",8,"84","8418","84","Double Display",0,"null","FJ","Fiji",3729.08,611.89,4340.97,0,"null","null","null","null","NIU",2,"2023-08",1862,2170.49
84181010,"FFSEA",1690848000,"08",2023,590,14464,"EDWIN FOOD CITY","IM 4","FJ","3. Fiji","Oceania","5. Oceania","Fiji",14,84,8,"84181010",8,"84","8418","84","Double Display Cooler",0,"null","FJ","Fiji",4432.68,727.35,5160.03,0,"null","null","null","null","NIU",2,"2023-08",1863,2580.01
84181010,"FFSEA",1691539200,"08",2023,633,16949,"JY OCEAN TRADING","IM 4","AU","1. Australia","Oceania","5. Oceania","Australia",2,84,8,"84181010",8,"84","8418","84","FREEZER",0,"null","AU","Australia",9120,479.78,9599.78,0,"null","null","null","null","NIU",2,"2023-08",2585,4799.89
84181010,"FFSEA",1689638400,"07",2023,520,16949,"JY OCEAN TRADING","IM 4","AU","1. Australia","Oceania","5. Oceania","Australia",34,84,8,"84181010",8,"84","8418","84","FREEZER",0,"null","AU","Australia",4730,302.56,5032.56,0,"null","null","null","null","NIU",30,"2023-07",827,167.75
84181010,"FFSEA",1692662400,"08",2023,667,11267,"MACKENZIE TRADING LIMITED","IM 4","FJ","3. Fiji","Oceania","5. Oceania","Fiji",33,84,8,"84181010",8,"84","8418","84","Midea fridge",0,"null","FJ","Fiji",495.03,32.28,527.31,0,"null","null","null","null","NIU",1,"2023-08",3634,527.31
84181010,"FFSEA",1691452800,"08",2023,621,16949,"JY OCEAN TRADING","IM 4","FJ","3. Fiji","Oceania","5. Oceania","Fiji",20,84,8,"84181010",8,"84","8418","84","25MM PVC BALL VALVE",0,"null","FJ","Fiji",84.43,17.1,101.53,0,"null","null","null","null","NIU",5,"2023-08",1994,20.31
84181010,"FFSEA",1690848000,"08",2023,590,14464,"EDWIN FOOD CITY","IM 4","FJ","3. Fiji","Oceania","5. Oceania","Fiji",22,84,8,"84181010",8,"84","8418","84","2 Door Refrigerator",0,"null","FJ","Fiji",1393.13,228.59,1621.72,0,"null","null","null","null","NIU",2,"2023-08",1871,810.86
84181010,"FFSEA",1691539200,"08",2023,633,16949,"JY OCEAN TRADING","IM 4","AU","1. Australia","Oceania","5. Oceania","Australia",1,84,8,"84181010",8,"84","8418","84","FREEZER",0,"null","AU","Australia",6825,359.04,7184.04,0,"null","null","null","null","NIU",5,"2023-08",2584,1436.81
84181010,"FFSEA",1691539200,"08",2023,633,16949,"JY OCEAN TRADING","IM 4","AU","1. Australia","Oceania","5. Oceania","Australia",87,84,8,"84181010",8,"84","8418","84","FREEZER 700L",0,"null","AU","Australia",39844,2096.08,41940.08,0,"null","null","null","null","NIU",7,"2023-08",2670,5991.44
84181010,"FFSEA",1694736000,"09",2023,718,16949,"JY OCEAN TRADING","IM 4","AU","1. Australia","Oceania","5. Oceania","Australia",7,84,8,"84181010",8,"84","8418","84","UPRIGHT SHOWCASE",0,"null","AU","Australia",8624,497.85,9121.85,0,"null","null","null","null","NIU",4,"2023-09",4745,2280.46
84181010,"FFSEA",1690848000,"08",2023,590,14464,"EDWIN FOOD CITY","IM 4","FJ","3. Fiji","Oceania","5. Oceania","Fiji",21,84,8,"84181010",8,"84","8418","84","2 Door Refrigerator",0,"null","FJ","Fiji",1238.34,203.19,1441.53,0,"null","null","null","null","NIU",2,"2023-08",1870,720.76
84181010,"FFSEA",1694736000,"09",2023,718,16949,"JY OCEAN TRADING","IM 4","AU","1. Australia","Oceania","5. Oceania","Australia",129,84,8,"84181010",8,"84","8418","84","GATE VALVE",0,"null","AU","Australia",12339.6,712.35,13051.95,0,"null","null","null","null","NIU",91,"2023-09",4867,143.43
84181010,"FFSEA",1692662400,"08",2023,667,11267,"MACKENZIE TRADING LIMITED","IM 4","FJ","3. Fiji","Oceania","5. Oceania","Fiji",36,84,8,"84181010",8,"84","8418","84","Smad fridge",0,"null","FJ","Fiji",694.54,45.29,739.83,0,"null","null","null","null","NIU",1,"2023-08",3637,739.83
84181010,"FFSEA",1691539200,"08",2023,633,16949,"JY OCEAN TRADING","IM 4","AU","1. Australia","Oceania","5. Oceania","Australia",27,84,8,"84181010",8,"84","8418","84","FREEZER",0,"null","AU","Australia",36520,1921.21,38441.21,0,"null","null","null","null","NIU",10,"2023-08",2610,3844.12
84181010,"FFSEA",1694736000,"09",2023,718,16949,"JY OCEAN TRADING","IM 4","AU","1. Australia","Oceania","5. Oceania","Australia",5,84,8,"84181010",8,"84","8418","84","FREEZER",0,"null","AU","Australia",7800,450.28,8250.28,0,"null","null","null","null","NIU",5,"2023-09",4743,1650.06
84181010,"FFSEA",1689638400,"07",2023,520,16949,"JY OCEAN TRADING","IM 4","AU","1. Australia","Oceania","5. Oceania","Australia",27,84,8,"84181010",8,"84","8418","84","FREEZER",0,"null","AU","Australia",26540,1697.68,28237.68,0,"null","null","null","null","NIU",10,"2023-07",820,2823.77
84181010,"FFSEA",1694736000,"09",2023,718,16949,"JY OCEAN TRADING","IM 4","AU","1. Australia","Oceania","5. Oceania","Australia",6,84,8,"84181010",8,"84","8418","84","FREEZER",0,"null","AU","Australia",10548,608.92,11156.92,0,"null","null","null","null","NIU",3,"2023-09",4744,3718.97
84183010,"FFSEA",1688515200,"07",2023,506,10030,"TUVALU ELECTRICITY CORPORATION","IM 4","FJ","3. Fiji","Oceania","5. Oceania","Fiji",35,84,8,"84183010",8,"84","8418","84","CHEST FREEZER",212,"null","FJ","Fiji",379.24,98.06,477.3,0,"null","null","null","null","NIU",1,"2023-07",89,477.3
84183010,"FFSEA",1690156800,"07",2023,549,23946,"MINISTRY OF EDUCATION YOUTH SPORT","IM 4","FJ","3. Fiji","Oceania","5. Oceania","Fiji",2,84,8,"84183010",8,"84","8418","84","CHEST FREEZER",202,"null","AU","Australia",349.31,90.29,439.6,0,"null","null","null","null","NIU",1,"2023-07",1220,439.6
84183010,"FFSEA",1695254400,"09",2023,748,18470,"A.M.S GLOBAL","IM 4","NZ","8. New Zealand","Oceania","5. Oceania","New Zeal",26,84,8,"84183010",8,"84","8418","84","FREEZER",0,"null","NZ","New Zeala",191.08,65.96,257.04,0,"null","null","null","null","NIU",4,"2023-09",5689,64.26
84183010,"FFSEA",1695859200,"09",2023,768,28648,"MALAEFOU JONA KOAU","IM 4","FJ","3. Fiji","Oceania","5. Oceania","Fiji",1,84,8,"84183010",8,"84","8418","84","CHEST FREEZER",0,"null","CN","China",702.9,50.04,752.94,0,"null","null","null","null","NIU",1,"2023-09",6216,752.94
84183010,"FFSEA",1694649600,"09",2023,713,15215,"NANG STORE","IM 4","CN","2. China","Asia","3. Asia","China",20,84,8,"84183010",8,"84","8418","84","Double door air cabinet",0,"null","CN","China",320,114.5,434.5,0,"null","null","null","null","NIU",1,"2023-09",4376,434.5
84183010,"FFSEA",1691712000,"08",2023,645,29049,"ONOSEMU NEEMIA","IM 4","AU","1. Australia","Oceania","5. Oceania","Australia",1,84,8,"84183010",8,"84","8418","84","FREEZER",0,"null","AU","Australia",250,71.54,321.54,0,"null","null","null","null","NIU",1,"2023-08",3035,321.54
84183020,"FFSEA",1690848000,"08",2023,590,14464,"EDWIN FOOD CITY","IM 4","FJ","3. Fiji","Oceania","5. Oceania","Fiji",20,84,8,"84183020",8,"84","8418","84","Chest Freezer",0,"null","FJ","Fiji",770.44,126.42,896.86,302.7,"0","224.22","78.48","0","NIU",1,"2023-08",1869,896.86
84183020,"FFSEA",1690848000,"08",2023,590,14464,"EDWIN FOOD CITY","IM 4","FJ","3. Fiji","Oceania","5. Oceania","Fiji",23,84,8,"84183020",8,"84","8418","84","Chesst Freezer",0,"null","FJ","Fiji",2082.66,341.74,2424.4,818.24,"0","606.1","212.14","0","NIU",4,"2023-08",1872,606.1
84243000,"FFSEA",1692230400,"08",2023,661,10432,"PACIFIC ENERGY SWP PTE LTD","IM 4","FJ","3. Fiji","Oceania","5. Oceania","Fiji",4,84,8,"84243000",8,"84","8424","84","BLASTING HOOD",0,"null","AU","Australia",108.07,25.65,133.72,9.36,"0","0","9.36","0","NIU",1,"2023-08",3499,133.72
84243000,"FFSEA",1692230400,"08",2023,661,10432,"PACIFIC ENERGY SWP PTE LTD","IM 4","FJ","3. Fiji","Oceania","5. Oceania","Fiji",2,84,8,"84243000",8,"84","8424","84","SAND BLASTING POT",0,"null","AU","Australia",771.95,183.16,955.11,66.86,"0","0","66.86","0","NIU",1,"2023-08",3497,955.11
84439100,"FFSEA",1690416000,"07",2023,570,13225,"COPIER SOLUTION TECH","IM 4","FJ","3. Fiji","Oceania","5. Oceania","Fiji",3,84,8,"84439100",8,"84","8443","84","Brother main Board",0,"null","FJ","Fiji",254.98,26.4,281.38,76.9,"53.46","0","23.44","0","KGM",1,"2023-07",1357,281.38
84439100,"FFSEA",1690416000,"07",2023,570,13225,"COPIER SOLUTION TECH","IM 4","FJ","3. Fiji","Oceania","5. Oceania","Fiji",2,84,8,"84439100",8,"84","8443","84","Brother Fusing Unit",0,"null","FJ","Fiji",1274.89,131.99,1406.88,384.5,"267.31","0","117.19","0","KGM",1.15,"2023-07",1356,1223.37
84439100,"FFSEA",1690416000,"07",2023,570,13225,"COPIER SOLUTION TECH","IM 4","FJ","3. Fiji","Oceania","5. Oceania","Fiji",1,84,8,"84439100",8,"84","8443","84","Brother Drum unit DR441CLP",0,"null","FJ","Fiji",1707.36,176.77,1884.13,514.93,"357.98","0","156.94999999999999","0","KGM",1.53,"2023-07",1355,1231.46
84502000,"FFSEA",1690848000,"08",2023,590,14464,"EDWIN FOOD CITY","IM 4","FJ","3. Fiji","Oceania","5. Oceania","Fiji",1,84,8,"84502000",8,"84","8450","84","Twin Tub Washner",0,"null","FJ","Fiji",1350.91,221.67,1572.58,429.79,"298.79000000000002","0","131","0","NIU",4,"2023-08",1850,393.14
84502000,"FFSEA",1694995200,"09",2023,729,13955,"VINASI STORE","IM 4","CN","2. China","Asia","3. Asia","China",87,84,8,"84502000",8,"84","8450","84","WASHING MACHINE",0,"null","CN","China",182.43,64.16,246.59,67.39,"46.85","0","20.54","0","NIU",3,"2023-09",5147,82.2
84502000,"FFSEA",1690848000,"08",2023,590,14464,"EDWIN FOOD CITY","IM 4","FJ","3. Fiji","Oceania","5. Oceania","Fiji",2,84,8,"84502000",8,"84","8450","84","Twin Tub Washner",0,"null","FJ","Fiji",1604.21,263.23,1867.44,510.37,"354.81","0","155.56","0","NIU",4,"2023-08",1851,466.86
84502000,"FFSEA",1691539200,"08",2023,635,13955,"VINASI STORE","IM 4","CN","2. China","Asia","3. Asia","China",33,84,8,"84502000",8,"84","8450","84","WASHING MACHINE",0,"null","CN","China",135,48.12,183.12,50.04,"34.79","0","15.25","0","NIU",3,"2023-08",2848,61.04
84502000,"FFSEA",1690848000,"08",2023,590,14464,"EDWIN FOOD CITY","IM 4","FJ","3. Fiji","Oceania","5. Oceania","Fiji",15,84,8,"84502000",8,"84","8450","84","Tumble Dryer",0,"null","FJ","Fiji",802.1,131.62,933.72,255.19,"177.41","0","77.78","0","NIU",2,"2023-08",1864,466.86
84502000,"FFSEA",1690848000,"08",2023,590,14464,"EDWIN FOOD CITY","IM 4","FJ","3. Fiji","Oceania","5. Oceania","Fiji",3,84,8,"84502000",8,"84","8450","84","Twin Tub Washer",0,"null","FJ","Fiji",1829.36,300.18,2129.54,582,"404.61","0","177.39","0","NIU",4,"2023-08",1852,532.38
84502000,"FFSEA",1695859200,"09",2023,766,30397,"ASOLELEI ANITELENI","IM 4","CN","2. China","Asia","3. Asia","China",1,84,8,"84502000",8,"84","8450","84","WASHING MACHINE",0,"null","CN","China",500,5.58,505.58,138.17,"96.06","0","42.11","0","NIU",1,"2023-09",6209,505.58
84502000,"FFSEA",1695859200,"09",2023,768,28648,"MALAEFOU JONA KOAU","IM 4","FJ","3. Fiji","Oceania","5. Oceania","Fiji",2,84,8,"84502000",8,"84","8450","84","WASHING MACHINE",0,"null","CN","China",216.25,15.39,231.64,63.31,"44.01","0","19.3","0","NIU",1,"2023-09",6217,231.64
84509000,"FFSEA",1691452800,"08",2023,627,15215,"NANG STORE","IM 4","CN","2. China","Asia","3. Asia","China",1,84,8,"84509000",8,"84","8450","84","Washing machine",0,"null","CN","China",770,274.99,1044.99,285.6,"198.55","0","87.05","0","KGM",770,"2023-08",2312,1.36
84509000,"FFSEA",1689638400,"07",2023,524,16949,"JY OCEAN TRADING","IM 4","FJ","3. Fiji","Oceania","5. Oceania","Fiji",38,84,8,"84509000",8,"84","8450","84","WHIRPOOL TWIN TUB X13KG",0,"null","FJ","Fiji",2089.69,342.41,2432.1,664.69,"462.1","0","202.59","0","KGM",3,"2023-07",886,810.7
84509000,"FFSEA",1689638400,"07",2023,524,16949,"JY OCEAN TRADING","IM 4","FJ","3. Fiji","Oceania","5. Oceania","Fiji",5,84,8,"84509000",8,"84","8450","84","BEKO TWIN TUB WASHER 9KG",0,"null","FJ","Fiji",4214.56,690.59,4905.15,1340.58,"931.98","0","408.6","0","KGM",10,"2023-07",852,490.52
84602900,"FFSEA",1692230400,"08",2023,661,10432,"PACIFIC ENERGY SWP PTE LTD","IM 4","FJ","3. Fiji","Oceania","5. Oceania","Fiji",41,84,8,"84602900",8,"84","8460","84","DYE GRINDER",0,"null","AU","Australia",262.46,62.28,324.74,22.73,"0","0","22.73","0","NIU",1,"2023-08",3536,324.74
84602900,"FFSEA",1692230400,"08",2023,661,10432,"PACIFIC ENERGY SWP PTE LTD","IM 4","FJ","3. Fiji","Oceania","5. Oceania","Fiji",69,84,8,"84602900",8,"84","8460","84","GRINDER MAKITA",0,"null","AU","Australia",385.98,91.58,477.56,33.43,"0","0","33.43","0","NIU",1,"2023-08",3564,477.56
84602900,"FFSEA",1692230400,"08",2023,661,10432,"PACIFIC ENERGY SWP PTE LTD","IM 4","FJ","3. Fiji","Oceania","5. Oceania","Fiji",71,84,8,"84602900",8,"84","8460","84","SANDING MACHINE",0,"null","AU","Australia",308.78,73.27,382.05,26.74,"0","0","26.74","0","NIU",1,"2023-08",3566,382.05
84602900,"FFSEA",1692230400,"08",2023,661,10432,"PACIFIC ENERGY SWP PTE LTD","IM 4","FJ","3. Fiji","Oceania","5. Oceania","Fiji",20,84,8,"84602900",8,"84","8460","84","5"" GRINDER",0,"null","AU","Australia",370.54,87.91,458.45,32.09,"0","0","32.090000000000003","0","NIU",1,"2023-08",3515,458.45
84602900,"FFSEA",1692230400,"08",2023,661,10432,"PACIFIC ENERGY SWP PTE LTD","IM 4","FJ","3. Fiji","Oceania","5. Oceania","Fiji",70,84,8,"84602900",8,"84","8460","84","GRINDER MAKITA",0,"null","AU","Australia",540.37,128.22,668.59,46.8,"0","0","46.8","0","NIU",1,"2023-08",3565,668.59
84602900,"FFSEA",1692230400,"08",2023,661,10432,"PACIFIC ENERGY SWP PTE LTD","IM 4","FJ","3. Fiji","Oceania","5. Oceania","Fiji",22,84,8,"84602900",8,"84","8460","84","7"" GRINDER",0,"null","AU","Australia",694.76,164.85,859.61,60.17,"0","0","60.17","0","NIU",1,"2023-08",3517,859.61
84602900,"FFSEA",1692230400,"08",2023,661,10432,"PACIFIC ENERGY SWP PTE LTD","IM 4","FJ","3. Fiji","Oceania","5. Oceania","Fiji",21,84,8,"84602900",8,"84","8460","84","5"" GRINDER",0,"null","AU","Australia",370.54,87.91,458.45,32.09,"0","0","32.090000000000003","0","NIU",1,"2023-08",3516,458.45
84602900,"FFSEA",1692230400,"08",2023,661,10432,"PACIFIC ENERGY SWP PTE LTD","IM 4","FJ","3. Fiji","Oceania","5. Oceania","Fiji",19,84,8,"84602900",8,"84","8460","84","5"" GRINDER",0,"null","AU","Australia",370.54,87.91,458.45,32.09,"0","0","32.090000000000003","0","NIU",1,"2023-08",3514,458.45
84713000,"FFSEA",1695686400,"09",2023,758,13225,"COPIER SOLUTION TECH","IM 4","FJ","3. Fiji","Oceania","5. Oceania","Fiji",5,84,8,"84713000",8,"84","8471","84","Dell All In One Computer 24inch",0,"null","FJ","Fiji",4073.84,262.85,4336.69,0,"null","null","null","null","NIU",0.07,"2023-09",5926,61952.71
84713000,"FFSEA",1691539200,"08",2023,635,13955,"VINASI STORE","IM 4","CN","2. China","Asia","3. Asia","China",91,84,8,"84713000",8,"84","8471","84","COMPUTER",0,"null","CN","China",34.38,12.26,46.64,0,"null","null","null","null","NIU",40,"2023-08",2906,1.17
84713000,"FFSEA",1689638400,"07",2023,520,16949,"JY OCEAN TRADING","IM 4","AU","1. Australia","Oceania","5. Oceania","Australia",15,84,8,"84713000",8,"84","8471","84","LAPTOP COMPUTER",0,"null","AU","Australia",33780,2160.8,35940.8,0,"null","null","null","null","NIU",20,"2023-07",808,1797.04
84713000,"FFSEA",1695859200,"09",2023,762,13225,"COPIER SOLUTION TECH","IM 4","FJ","3. Fiji","Oceania","5. Oceania","Fiji",34,84,8,"84713000",8,"84","8471","84","Dell Laptop Inspiron 15inch 16GB Ram, 1TB SSD",0,"null","FJ","Fiji",3940.16,521.8,4461.96,0,"null","null","null","null","NIU",2,"2023-09",5988,2230.98
84713000,"FFSEA",1694736000,"09",2023,718,16949,"JY OCEAN TRADING","IM 4","AU","1. Australia","Oceania","5. Oceania","Australia",30,84,8,"84713000",8,"84","8471","84","LAPTOP",0,"null","AU","Australia",3768.2,217.53,3985.73,0,"null","null","null","null","NIU",5,"2023-09",4768,797.15
84713000,"FFSEA",1689724800,"07",2023,527,16949,"JY OCEAN TRADING","IM 4","FJ","3. Fiji","Oceania","5. Oceania","Fiji",43,84,8,"84713000",8,"84","8471","84","LAPTOP /COMPUTER SET 4SET",0,"null","CN","China",27975,1026.43,29001.43,0,"null","null","null","null","NIU",15,"2023-07",961,1933.43
84713000,"FFSEA",1691539200,"08",2023,632,20656,"HALAVAI STORE","IM 4","CN","2. China","Asia","3. Asia","China",35,84,8,"84713000",8,"84","8471","84","computer",0,"null","CN","China",42.24,15.66,57.9,0,"null","null","null","null","NIU",60,"2023-08",2486,0.96
84713000,"FFSEA",1690761600,"07",2023,583,13225,"COPIER SOLUTION TECH","IM 4","FJ","3. Fiji","Oceania","5. Oceania","Fiji",5,84,8,"84713000",8,"84","8471","84","Keyboard HOCO W/L with mouse",0,"null","FJ","Fiji",330.69,29.04,359.73,0,"null","null","null","null","NIU",18,"2023-07",1819,19.98
84713000,"FFAIR",1689638400,"07",2023,32,27676,"CENTRAL STATISTIC DIVISION","IM 4","AU","1. Australia","Oceania","5. Oceania","Australia",1,84,8,"84713000",8,"84","8471","84","HP PROBOOK COMPUTER",202,"null","AU","Australia",3378.7,482.48,3861.18,0,"null","null","null","null","NIU",2,"2023-07",18,1930.59
84713000,"FFSEA",1693180800,"08",2023,676,10062,"TUVALU NATIONAL PROVIDENT FUND","IM 4","FJ","3. Fiji","Oceania","5. Oceania","Fiji",1,84,8,"84713000",8,"84","8471","84","Dell PC Optiplex 3090 16GB M2",0,"null","FJ","Fiji",12774.75,1609.17,14383.92,0,"null","null","null","null","NIU",9,"2023-08",3808,1598.21
84713000,"FFSEA",1695859200,"09",2023,762,13225,"COPIER SOLUTION TECH","IM 4","FJ","3. Fiji","Oceania","5. Oceania","Fiji",33,84,8,"84713000",8,"84","8471","84","HP All In One Desktop 8GB ram,",0,"null","FJ","Fiji",2448.53,324.26,2772.79,0,"null","null","null","null","NIU",1,"2023-09",5987,2772.79
84713000,"FFSEA",1691539200,"08",2023,633,16949,"JY OCEAN TRADING","IM 4","AU","1. Australia","Oceania","5. Oceania","Australia",15,84,8,"84713000",8,"84","8471","84","LAPTOP COMPUTER",0,"null","AU","Australia",33780,1777.07,35557.07,0,"null","null","null","null","NIU",20,"2023-08",2598,1777.85
84718000,"FFSEA",1690761600,"07",2023,582,30076,"FUNAFUTI WATER & SANITATION PROJECT","IM 4","FJ","3. Fiji","Oceania","5. Oceania","Fiji",7,84,8,"84718000",8,"84","8471","84","HP PROBOOK LAPTOP",202,"null","AU","Australia",4684.44,1826.93,6511.37,0,"0","0","0","0","NIU",3,"2023-07",1789,2170.46
84718000,"FFSEA",1690761600,"07",2023,582,30076,"FUNAFUTI WATER & SANITATION PROJECT","IM 4","FJ","3. Fiji","Oceania","5. Oceania","Fiji",8,84,8,"84718000",8,"84","8471","84","HP PROONE PC",202,"null","AU","Australia",3669.74,1431.19,5100.93,0,"0","0","0","0","NIU",2,"2023-07",1790,2550.47
84718000,"FFSEA",1690761600,"07",2023,582,30076,"FUNAFUTI WATER & SANITATION PROJECT","IM 4","FJ","3. Fiji","Oceania","5. Oceania","Fiji",9,84,8,"84718000",8,"84","8471","84","SAMSUNG TAB",202,"null","AU","Australia",2015.81,786.17,2801.98,0,"0","0","0","0","NIU",3,"2023-07",1791,933.99
84718000,"FFSEA",1689897600,"07",2023,542,23946,"MINISTRY OF EDUCATION YOUTH SPORT","IM 4","AU","1. Australia","Oceania","5. Oceania","Australia",10,84,8,"84718000",8,"84","8471","84","MINI PC",202,"null","AU","Australia",14391,2616.75,17007.75,0,"0","0","0","0","NIU",9,"2023-07",1181,1889.75
84718000,"FFSEA",1689897600,"07",2023,542,23946,"MINISTRY OF EDUCATION YOUTH SPORT","IM 4","AU","1. Australia","Oceania","5. Oceania","Australia",11,84,8,"84718000",8,"84","8471","84","SAMSUNG COMPUTER",202,"null","AU","Australia",329,59.82,388.82,0,"0","0","0","0","NIU",1,"2023-07",1182,388.82
85016190,"FFSEA",1692230400,"08",2023,661,10432,"PACIFIC ENERGY SWP PTE LTD","IM 4","FJ","3. Fiji","Oceania","5. Oceania","Fiji",58,85,8,"85016190",8,"85","8501","85","POWER GENERATOR",0,"null","AU","Australia",771.95,183.16,955.11,66.86,"0","0","66.86","0","NIU",1,"2023-08",3553,955.11
85016190,"FFSEA",1694390400,"09",2023,700,29024,"SAAGA TALU","IM 4","FJ","3. Fiji","Oceania","5. Oceania","Fiji",2,85,8,"85016190",8,"85","8501","85","GENERATOR",0,"null","AU","Australia",1998,226.4,2224.4,155.71,"0","0","155.71","0","NIU",1,"2023-09",4230,2224.4
85016190,"FFSEA",1694390400,"09",2023,700,29024,"SAAGA TALU","IM 4","FJ","3. Fiji","Oceania","5. Oceania","Fiji",1,85,8,"85016190",8,"85","8501","85","GENERATOR",0,"null","AU","Australia",765.81,86.77,852.58,59.68,"0","0","59.68","0","NIU",1,"2023-09",4229,852.58
85115000,"FFSEA",1689638400,"07",2023,521,10030,"TUVALU ELECTRICITY CORPORATION","IM 4","JP","5. Japan","Asia","3. Asia","Japan",1,85,8,"85115000",8,"85","8511","85","GENERATORS",212,"null","JP","Japan",829712.4,346.18,830058.58,0,"0","0","0","0","NIU",14,"2023-07",844,59289.9
85115000,"FFSEA",1689552000,"07",2023,513,24883,"CLIMATE CHANGE DEPARTMENT","IM 4","FJ","3. Fiji","Oceania","5. Oceania","Fiji",4,85,8,"85115000",8,"85","8511","85","GENERATOR",202,"null","AU","Australia",52200,3655.65,55855.65,0,"0","0","0","0","NIU",4,"2023-07",337,13963.91
85182200,"FFSEA",1690329600,"07",2023,563,28158,"EKALESIA KELISIANO FUNAFUTI","IM 4","FJ","3. Fiji","Oceania","5. Oceania","Fiji",1,85,8,"85182200",8,"85","8518","85","Speaker set Packet Deal",212,"null","FJ","Fiji",2321.18,324.38,2645.56,0,"0","0","0","0","NIU",1,"2023-07",1299,2645.56
85182200,"FFSEA",1695686400,"09",2023,758,13225,"COPIER SOLUTION TECH","IM 4","FJ","3. Fiji","Oceania","5. Oceania","Fiji",8,85,8,"85182200",8,"85","8518","85","DVP-X Series Speaker Pro",0,"null","FJ","Fiji",1405.79,90.71,1496.5,344.95,"224.48","0","120.47","0","NIU",2,"2023-09",5929,748.25
85182200,"FFSEA",1690329600,"07",2023,563,28158,"EKALESIA KELISIANO FUNAFUTI","IM 4","FJ","3. Fiji","Oceania","5. Oceania","Fiji",2,85,8,"85182200",8,"85","8518","85","12 '' Power Monitor Speaker",212,"null","FJ","Fiji",1124.35,157.13,1281.48,0,"0","0","0","0","NIU",2,"2023-07",1300,640.74
85182200,"FFSEA",1690329600,"07",2023,563,28158,"EKALESIA KELISIANO FUNAFUTI","IM 4","FJ","3. Fiji","Oceania","5. Oceania","Fiji",4,85,8,"85182200",8,"85","8518","85","JBL Speaker Party box 1000w",212,"null","FJ","Fiji",913.98,127.73,1041.71,0,"0","0","0","0","NIU",1,"2023-07",1302,1041.71
85182200,"FFSEA",1690329600,"07",2023,563,28158,"EKALESIA KELISIANO FUNAFUTI","IM 4","FJ","3. Fiji","Oceania","5. Oceania","Fiji",3,85,8,"85182200",8,"85","8518","85","15'' Power Monitor Speaker",212,"null","FJ","Fiji",702.9,98.23,801.13,0,"0","0","0","0","NIU",1,"2023-07",1301,801.13
85182900,"FFSEA",1689897600,"07",2023,542,23946,"MINISTRY OF EDUCATION YOUTH SPORT","IM 4","AU","1. Australia","Oceania","5. Oceania","Australia",5,85,8,"85182900",8,"85","8518","85","MEGAPHONES",202,"null","AU","Australia",1740,316.39,2056.39,0,"0","0","0","0","NIU",12,"2023-07",1176,171.37
85182900,"FFSEA",1690761600,"07",2023,582,30076,"FUNAFUTI WATER & SANITATION PROJECT","IM 4","FJ","3. Fiji","Oceania","5. Oceania","Fiji",30,85,8,"85182900",8,"85","8518","85","LOGITECH CONFRENCE MEETUP",202,"null","AU","Australia",2152.31,839.4,2991.71,0,"0","0","0","0","NIU",1,"2023-07",1814,2991.71
85182900,"FFSEA",1690934400,"08",2023,597,30132,"SILITA SIAKI","IM 4","FJ","3. Fiji","Oceania","5. Oceania","Fiji",1,85,8,"85182900",8,"85","8518","85","JBL SPEAKER",0,"null","AU","Australia",400,12.4,412.4,95.06,"61.86","0","33.200000000000003","0","NIU",1,"2023-08",1893,412.4
85255090,"FFSEA",1690416000,"07",2023,567,10351,"SEVENTH DAY ADVENTIST CHURCH","IM 4","FJ","3. Fiji","Oceania","5. Oceania","Fiji",3,85,8,"85255090",8,"85","8525","85","UMH160 wellav",0,"null","FJ","Fiji",3729.08,47.82,3776.9,870.58,"566.54","0","304.04000000000002","0","NIU",1,"2023-07",1310,3776.9
85255090,"FFSEA",1690416000,"07",2023,567,10351,"SEVENTH DAY ADVENTIST CHURCH","IM 4","FJ","3. Fiji","Oceania","5. Oceania","Fiji",2,85,8,"85255090",8,"85","8525","85","Band one cable",0,"null","FJ","Fiji",323.66,4.15,327.81,75.56,"49.17","0","26.39","0","NIU",1,"2023-07",1309,327.81
85258090,"FFAIR",1692057600,"08",2023,40,30189,"SIMONA KILEI","IM 4","CN","2. China","Asia","3. Asia","China",1,85,8,"85258090",8,"85","8525","85","TV screen",0,"null","FJ","Fiji",1687.94,40,1727.94,398.29,"259.19","0","139.1","0","NIU",1,"2023-08",43,1727.94
85258090,"FFSEA",1689897600,"07",2023,542,23946,"MINISTRY OF EDUCATION YOUTH SPORT","IM 4","AU","1. Australia","Oceania","5. Oceania","Australia",8,85,8,"85258090",8,"85","8525","85","DOCKING STATIONS & WEBCAM",202,"null","AU","Australia",9128,1659.77,10787.77,0,"0","0","0","0","NIU",20,"2023-07",1179,539.39
85269200,"FFSEA",1689552000,"07",2023,513,24883,"CLIMATE CHANGE DEPARTMENT","IM 4","FJ","3. Fiji","Oceania","5. Oceania","Fiji",3,85,8,"85269200",8,"85","8526","85","REMOTE MONITORING",202,"null","AU","Australia",1980,138.66,2118.66,0,"0","0","0","0","NIU",4,"2023-07",336,529.66
85269200,"FFSEA",1689552000,"07",2023,513,24883,"CLIMATE CHANGE DEPARTMENT","IM 4","FJ","3. Fiji","Oceania","5. Oceania","Fiji",2,85,8,"85269200",8,"85","8526","85","REMOTE MONITORING",202,"null","AU","Australia",19800,1386.62,21186.62,0,"0","0","0","0","NIU",4,"2023-07",335,5296.66
85284900,"FFSEA",1690761600,"07",2023,582,30076,"FUNAFUTI WATER & SANITATION PROJECT","IM 4","FJ","3. Fiji","Oceania","5. Oceania","Fiji",11,85,8,"85284900",8,"85","8528","85","BUSINESS PROJECTOR",202,"null","AU","Australia",855.94,333.82,1189.76,0,"0","0","0","0","NIU",1,"2023-07",1793,1189.76
85284900,"FFSEA",1695686400,"09",2023,756,10591,"SULANI GENERAL MERCHANDISE","IM 4","FJ","3. Fiji","Oceania","5. Oceania","Fiji",3,85,8,"85284900",8,"85","8528","85","TV 43IN",0,"null","ID","Indonesia",1110.28,46.62,1156.9,266.67,"173.54","0","93.13","0","NIU",2,"2023-09",5895,578.45
85285200,"FFSEA",1690761600,"07",2023,582,30076,"FUNAFUTI WATER & SANITATION PROJECT","IM 4","FJ","3. Fiji","Oceania","5. Oceania","Fiji",16,85,8,"85285200",8,"85","8528","85","SAMSUNG GALAXY S22",202,"null","AU","Australia",1406.59,548.57,1955.16,0,"0","0","0","0","NIU",1,"2023-07",1798,1955.16
85285200,"FFSEA",1693180800,"08",2023,676,10062,"TUVALU NATIONAL PROVIDENT FUND","IM 4","FJ","3. Fiji","Oceania","5. Oceania","Fiji",2,85,8,"85285200",8,"85","8528","85","Monitor Dell LED 24"" 1920x1080",0,"null","FJ","Fiji",2945.73,371.05,3316.78,764.52,"497.52","0","267","0","NIU",9,"2023-08",3809,368.53
85285900,"FFSEA",1695859200,"09",2023,762,13225,"COPIER SOLUTION TECH","IM 4","FJ","3. Fiji","Oceania","5. Oceania","Fiji",13,85,8,"85285900",8,"85","8528","85","Smart TV Flat Screen 85 Inches",0,"null","FJ","Fiji",1688.64,223.63,1912.27,440.78,"286.83999999999997","0","153.94","0","NIU",2,"2023-09",5965,956.14
85285900,"FFSEA",1695859200,"09",2023,762,13225,"COPIER SOLUTION TECH","IM 4","FJ","3. Fiji","Oceania","5. Oceania","Fiji",11,85,8,"85285900",8,"85","8528","85","Smart TV Flat Screen 75 i (1pcs Air Tuvalu)",0,"null","FJ","Fiji",2378.17,314.95,2693.12,620.77,"403.97","0","216.8","0","NIU",2,"2023-09",5963,1346.56
85286900,"FFSEA",1690848000,"08",2023,590,14464,"EDWIN FOOD CITY","IM 4","FJ","3. Fiji","Oceania","5. Oceania","Fiji",19,85,8,"85286900",8,"85","8528","85","Smart LED Television",0,"null","FJ","Fiji",1266.48,207.82,1474.3,339.83,"221.15","0","118.68","0","NIU",2,"2023-08",1868,737.15
85286900,"FFSEA",1690848000,"08",2023,590,14464,"EDWIN FOOD CITY","IM 4","FJ","3. Fiji","Oceania","5. Oceania","Fiji",18,85,8,"85286900",8,"85","8528","85","Smart LED Television",0,"null","FJ","Fiji",956.9,157.02,1113.92,256.76,"167.09","0","89.67","0","NIU",2,"2023-08",1867,556.96
85286900,"FFSEA",1690848000,"08",2023,590,14464,"EDWIN FOOD CITY","IM 4","FJ","3. Fiji","Oceania","5. Oceania","Fiji",17,85,8,"85286900",8,"85","8528","85","Smart LED Television",0,"null","FJ","Fiji",492.52,80.82,573.34,132.15,"86","0","46.15","0","NIU",2,"2023-08",1866,286.67
85287100,"FFAIR",1692057600,"08",2023,38,10055,"TUVALU TELECOM","IM 4","FJ","3. Fiji","Oceania","5. Oceania","Fiji",1,85,8,"85287100",8,"85","8528","85","DIGICEL SET TOP",0,"null","AU","Australia",8337.06,1349.84,9686.9,2232.84,"1453.04","0","779.8","0","NIU",60,"2023-08",37,161.45
85287100,"FFSEA",1695686400,"09",2023,758,13225,"COPIER SOLUTION TECH","IM 4","FJ","3. Fiji","Oceania","5. Oceania","Fiji",3,85,8,"85287100",8,"85","8528","85","Toshiba 75 inch TV Screen 4k smart",0,"null","FJ","Fiji",2813.7,181.55,2995.25,690.41,"449.29","0","241.12","0","NIU",1,"2023-09",5924,2995.25
85287200,"FFSEA",1690848000,"08",2023,591,26337,"FOLIAKI TOFUOLA","IM 4","NZ","8. New Zealand","Oceania","5. Oceania","New Zeal",1,85,8,"85287200",8,"85","8528","85","Tv screen",0,"null","NZ","New Zeala",286.62,18.46,305.08,70.32,"45.76","0","24.56","0","NIU",10,"2023-08",1874,30.51
85287200,"FFSEA",1691539200,"08",2023,637,30083,"OLAGAFOU SENETA","IM 4","NZ","8. New Zealand","Oceania","5. Oceania","New Zeal",1,85,8,"85287200",8,"85","8528","85","TV Screen",0,"null","NZ","New Zeala",573.24,297.61,870.85,200.73,"130.63","0","70.099999999999994","0","NIU",1,"2023-08",2995,870.85
85287200,"FFSEA",1690156800,"07",2023,549,23946,"MINISTRY OF EDUCATION YOUTH SPORT","IM 4","FJ","3. Fiji","Oceania","5. Oceania","Fiji",1,85,8,"85287200",8,"85","8528","85","PANASONIC TV",202,"null","AU","Australia",914.43,236.35,1150.78,0,"0","0","0","0","NIU",1,"2023-07",1219,1150.78
85287200,"FFSEA",1693785600,"09",2023,690,30252,"FALAI VEVEA","IM 4","FJ","3. Fiji","Oceania","5. Oceania","Fiji",1,85,8,"85287200",8,"85","8528","85","TV Screen",0,"null","FJ","Fiji",421.46,9.58,431.04,99.36,"64.66","0","34.700000000000003","0","NIU",10,"2023-09",3909,43.1
85287200,"FFSEA",1690761600,"07",2023,582,30076,"FUNAFUTI WATER & SANITATION PROJECT","IM 4","FJ","3. Fiji","Oceania","5. Oceania","Fiji",27,85,8,"85287200",8,"85","8528","85","SAMSUNG Q60AB TV QLED",202,"null","AU","Australia",2997.34,1168.96,4166.3,0,"0","0","0","0","NIU",1,"2023-07",1810,4166.3
85287200,"FFSEA",1689897600,"07",2023,542,23946,"MINISTRY OF EDUCATION YOUTH SPORT","IM 4","AU","1. Australia","Oceania","5. Oceania","Australia",6,85,8,"85287200",8,"85","8528","85","LG TV",202,"null","AU","Australia",2799,508.95,3307.95,0,"0","0","0","0","NIU",1,"2023-07",1177,3307.95
85414090,"FFSEA",1690070400,"07",2023,544,23047,"DEPARTMENT OF LOCAL GOVERNMENT","IM 4","TW","11. Taiwan","Asia","3. Asia","Taiwan,",1,85,8,"85414090",8,"85","8541","85","SOLAR LED LAMP",202,"null","TW","Taiwan,",44186.42,15624.27,59810.69,0,"null","null","null","null","NIU",46,"2023-07",1184,1300.23
85414090,"FFSEA",1695254400,"09",2023,747,10030,"TUVALU ELECTRICITY CORPORATION","IM 4","FJ","3. Fiji","Oceania","5. Oceania","Fiji",1,85,8,"85414090",8,"85","8541","85","SOLAR CARPORT & CHARGES",212,"null","AU","Australia",132696.91,5859.01,138555.92,0,"null","null","null","null","NIU",1858,"2023-09",5663,74.57
85423300,"FFSEA",1695859200,"09",2023,765,14564,"TROPIKANA'S ISLAND CLUB","IM 4","FJ","3. Fiji","Oceania","5. Oceania","Fiji",3,85,8,"85423300",8,"85","8542","85","AMPLIFIER",0,"null","AU","Australia",446.79,76.12,522.91,165.29,"120.27","0","45.02","0","NIU",1,"2023-09",6208,522.91
85423300,"FFSEA",1695859200,"09",2023,765,14564,"TROPIKANA'S ISLAND CLUB","IM 4","FJ","3. Fiji","Oceania","5. Oceania","Fiji",1,85,8,"85423300",8,"85","8542","85","COMPLETE AMPLIFIER",0,"null","AU","Australia",851.36,145.04,996.4,314.96,"229.17","0","85.79","0","NIU",2,"2023-09",6206,498.2
85423300,"FFSEA",1695859200,"09",2023,765,14564,"TROPIKANA'S ISLAND CLUB","IM 4","FJ","3. Fiji","Oceania","5. Oceania","Fiji",2,85,8,"85423300",8,"85","8542","85","AMPLIFIER",0,"null","AU","Australia",446.79,76.12,522.91,165.29,"120.27","0","45.02","0","NIU",1,"2023-09",6207,522.91
87043220,"FFSEA",1695859200,"09",2023,773,14464,"EDWIN FOOD CITY","IM 4","FJ","3. Fiji","Oceania","5. Oceania","Fiji",13,87,8,"87043220",8,"87","8704","87","Mitsubishi Canter",0,"null","JP","Japan",10307.74,3165.59,13473.33,2570.62,"1212.5999999999999","0","1028.02","330","NIU",1,"2023-09",6312,13473.33
87043220,"FFSEA",1691971200,"08",2023,655,14464,"EDWIN FOOD CITY","IM 4","FJ","3. Fiji","Oceania","5. Oceania","Fiji",25,87,8,"87043220",8,"87","8704","87","Mitsubishi Canter",0,"null","FJ","Fiji",10202.2,8674.78,18876.98,3469.24,"1698.93","0","1440.31","330","NIU",1,"2023-08",3247,18876.98
87043220,"FFSEA",1695859200,"09",2023,772,14464,"EDWIN FOOD CITY","IM 4","FJ","3. Fiji","Oceania","5. Oceania","Fiji",25,87,8,"87043220",8,"87","8704","87","Mitsubishi Canter",0,"null","JP","Japan",10976.16,1902.25,12878.41,2471.68,"1159.06","0","982.62","330","NIU",1,"2023-09",6298,12878.41
87111010,"FFSEA",1694649600,"09",2023,715,16949,"JY OCEAN TRADING","IM 4","CN","2. China","Asia","3. Asia","China",1,87,8,"87111010",8,"87","8711","87","MOTORCYCLE",0,"null","CN","China",26500,5209.57,31709.57,11509.06,"4756.4399999999996","0","2552.62","4200","NIU",20,"2023-09",4607,1585.48
87111010,"FFSEA",1694649600,"09",2023,716,16949,"JY OCEAN TRADING","IM 4","CN","2. China","Asia","3. Asia","China",1,87,8,"87111010",8,"87","8711","87","MOTORCYCLE",0,"null","CN","China",22500,7100,29600,11022.8,"4440","0","2382.8000000000002","4200","NIU",20,"2023-09",4610,1480
87111010,"FFSEA",1689724800,"07",2023,528,16949,"JY OCEAN TRADING","IM 4","CN","2. China","Asia","3. Asia","China",1,87,8,"87111010",8,"87","8711","87","MOTORCYCLE 68UNSE",0,"null","CN","China",23732,3714.86,27446.86,13466.5,"4117.03","0","2209.4699999999998","7140","NIU",34,"2023-07",984,807.26
89039200,"FFSEA",1695081600,"09",2023,734,11267,"MACKENZIE TRADING LIMITED","IM 4","FJ","3. Fiji","Oceania","5. Oceania","Fiji",1,89,8,"89039200",8,"89","8903",NA,"16ft fibre glass boat",0,"null","FJ","Fiji",19982.24,4888.59,24870.83,1740.96,"0","0","1740.96","0","NIU",4,"2023-09",5206,6217.71
89039200,"FFSEA",1690502400,"07",2023,576,11267,"MACKENZIE TRADING LIMITED","IM 4","FJ","3. Fiji","Oceania","5. Oceania","Fiji",1,89,8,"89039200",8,"89","8903",NA,"FIBRE GLASS BOAT",0,"null","FJ","Fiji",9991.12,2607.03,12598.15,881.87,"0","0","881.87","0","NIU",2,"2023-07",1467,6299.08
90085000,"FFSEA",1695686400,"09",2023,758,13225,"COPIER SOLUTION TECH","IM 4","FJ","3. Fiji","Oceania","5. Oceania","Fiji",4,90,8,"90085000",8,"90","9008",NA,"BenQ Multimedia Projector",0,"null","FJ","Fiji",1244.67,80.31,1324.98,220.35,"119.25","0","101.1","0","NIU",1,"2023-09",5925,1324.98
90085000,"FFSEA",1695859200,"09",2023,762,13225,"COPIER SOLUTION TECH","IM 4","FJ","3. Fiji","Oceania","5. Oceania","Fiji",20,90,8,"90085000",8,"90","9008",NA,"4K Smart Projector Quad Core",0,"null","FJ","Fiji",225.15,29.82,254.97,42.4,"22.95","0","19.45","0","NIU",4,"2023-09",5973,63.74
90085000,"FFSEA",1690416000,"07",2023,570,13225,"COPIER SOLUTION TECH","IM 4","FJ","3. Fiji","Oceania","5. Oceania","Fiji",11,90,8,"90085000",8,"90","9008",NA,"Epson Projecter",0,"null","FJ","Fiji",675.46,69.93,745.39,123.96,"67.09","0","56.87","0","NIU",1,"2023-07",1365,745.39
90308900,"FFSEA",1688515200,"07",2023,506,10030,"TUVALU ELECTRICITY CORPORATION","IM 4","FJ","3. Fiji","Oceania","5. Oceania","Fiji",11,90,8,"90308900",8,"90","9030",NA,"FLUKE TRMS METER",212,"null","FJ","Fiji",423.64,109.54,533.18,0,"0","0","0","0","NIU",1,"2023-07",65,533.18
90308900,"FFSEA",1688515200,"07",2023,506,10030,"TUVALU ELECTRICITY CORPORATION","IM 4","FJ","3. Fiji","Oceania","5. Oceania","Fiji",12,90,8,"90308900",8,"90","9030",NA,"FLUKE TRMS CLAMP METER",212,"null","FJ","Fiji",499.56,129.17,628.73,0,"0","0","0","0","NIU",1,"2023-07",66,628.73
94034000,"FFSEA",1695686400,"09",2023,756,10591,"SULANI GENERAL MERCHANDISE","IM 4","FJ","3. Fiji","Oceania","5. Oceania","Fiji",5,94,8,"94034000",8,"94","9403","94","DINNING TABLE SET",0,"null","ID","Indonesia",464.38,19.5,483.88,132.25,"91.94","0","40.31","0","NIU",1,"2023-09",5897,483.88
94034000,"FFSEA",1695254400,"09",2023,748,18470,"A.M.S GLOBAL","IM 4","NZ","8. New Zealand","Oceania","5. Oceania","New Zeal",30,94,8,"94034000",8,"94","9403","94","COFFEE TABLE",0,"null","NZ","New Zeala",76.43,26.39,102.82,28.11,"19.54","0","8.57","0","NIU",2,"2023-09",5693,51.41
94034000,"FFSEA",1691452800,"08",2023,621,16949,"JY OCEAN TRADING","IM 4","FJ","3. Fiji","Oceania","5. Oceania","Fiji",34,94,8,"94034000",8,"94","9403","94","NOKONOKO 7PCS",0,"null","FJ","Fiji",702.9,142.42,845.32,231.03,"160.61000000000001","0","70.42","0","NIU",1,"2023-08",2008,845.32
94036000,"FFSEA",1689638400,"07",2023,517,10792,"SEFATAU STORE","IM 4","CN","2. China","Asia","3. Asia","China",142,94,8,"94036000",8,"94","9403","94","baby bed",0,"null","CN","China",69,25.01,94.01,25.69,"17.86","0","7.83","0","NIU",3,"2023-07",541,31.34
94036000,"FFSEA",1694649600,"09",2023,711,16949,"JY OCEAN TRADING","IM 4","FJ","3. Fiji","Oceania","5. Oceania","Fiji",36,94,8,"94036000",8,"94","9403","94","BUDGET 5PCS DINING SET",0,"null","FJ","Fiji",632.54,86.24,718.78,196.44,"136.57","0","59.87","0","NIU",1,"2023-09",4320,718.78
94036000,"FFSEA",1689638400,"07",2023,524,16949,"JY OCEAN TRADING","IM 4","FJ","3. Fiji","Oceania","5. Oceania","Fiji",40,94,8,"94036000",8,"94","9403","94","MILANO 3+2 SOFA SET",0,"null","FJ","Fiji",1405.79,230.35,1636.14,447.16,"310.87","0","136.29","0","NIU",2,"2023-07",888,818.07
94036000,"FFSEA",1694649600,"09",2023,711,16949,"JY OCEAN TRADING","IM 4","FJ","3. Fiji","Oceania","5. Oceania","Fiji",39,94,8,"94036000",8,"94","9403","94","PRINCETON 3 DRAWER L SHAPE WARDROBE",0,"null","FJ","Fiji",597.36,81.44,678.8,185.51,"128.97","0","56.54","0","NIU",1,"2023-09",4323,678.8
94036000,"FFSEA",1689638400,"07",2023,524,16949,"JY OCEAN TRADING","IM 4","FJ","3. Fiji","Oceania","5. Oceania","Fiji",42,94,8,"94036000",8,"94","9403","94","TREND L SHAPED WARDROBE",0,"null","FJ","Fiji",772.55,126.59,899.14,245.74,"170.84","0","74.900000000000006","0","NIU",2,"2023-07",890,449.57
94036000,"FFSEA",1694736000,"09",2023,718,16949,"JY OCEAN TRADING","IM 4","AU","1. Australia","Oceania","5. Oceania","Australia",29,94,8,"94036000",8,"94","9403","94","MIXED FUNITURE",0,"null","AU","Australia",428,24.71,452.71,123.72,"86.01","0","37.71","0","NIU",5,"2023-09",4767,90.54
94036000,"FFSEA",1691712000,"08",2023,645,29049,"ONOSEMU NEEMIA","IM 4","AU","1. Australia","Oceania","5. Oceania","Australia",2,94,8,"94036000",8,"94","9403","94","SINGLE SOFA",0,"null","AU","Australia",200,57.23,257.23,70.3,"48.87","0","21.43","0","NIU",2,"2023-08",3036,128.62
94036000,"FFSEA",1689638400,"07",2023,524,16949,"JY OCEAN TRADING","IM 4","FJ","3. Fiji","Oceania","5. Oceania","Fiji",41,94,8,"94036000",8,"94","9403","94","DIAMEX L SHAPED WARDROBE",0,"null","FJ","Fiji",1580.99,259.06,1840.05,502.89,"349.61","0","153.28","0","NIU",3,"2023-07",889,613.35
94036000,"FFSEA",1694649600,"09",2023,711,16949,"JY OCEAN TRADING","IM 4","FJ","3. Fiji","Oceania","5. Oceania","Fiji",38,94,8,"94036000",8,"94","9403","94","EDEN 3 DRAWER WARDROBE",0,"null","FJ","Fiji",597.36,81.44,678.8,185.51,"128.97","0","56.54","0","NIU",1,"2023-09",4322,678.8
94036000,"FFSEA",1695859200,"09",2023,762,13225,"COPIER SOLUTION TECH","IM 4","FJ","3. Fiji","Oceania","5. Oceania","Fiji",5,94,8,"94036000",8,"94","9403","94","SOFA Set Leather pvc (Air Tuvalu)",0,"null","FJ","Fiji",2820.73,373.56,3194.29,873,"606.91999999999996","0","266.08","0","NIU",1,"2023-09",5957,3194.29
94036000,"FFSEA",1691452800,"08",2023,621,16949,"JY OCEAN TRADING","IM 4","FJ","3. Fiji","Oceania","5. Oceania","Fiji",33,94,8,"94036000",8,"94","9403","94","FLEMINGTON DELUXE 6PCS LOUNGE SUITE",0,"null","FJ","Fiji",773.26,156.67,929.93,254.15,"176.69","0","77.459999999999994","0","NIU",20,"2023-08",2007,46.5
94036000,"FFSEA",1695859200,"09",2023,762,13225,"COPIER SOLUTION TECH","IM 4","FJ","3. Fiji","Oceania","5. Oceania","Fiji",10,94,8,"94036000",8,"94","9403","94","Dining Table Set Dark Stain  (Air Tuvalu)",0,"null","FJ","Fiji",2810.88,372.25,3183.13,869.94,"604.79","0","265.14999999999998","0","NIU",5,"2023-09",5962,636.63
94036000,"FFSEA",1689724800,"07",2023,527,16949,"JY OCEAN TRADING","IM 4","FJ","3. Fiji","Oceania","5. Oceania","Fiji",53,94,8,"94036000",8,"94","9403","94","FOLDING TABLE 30PCS",0,"null","CN","China",1650,60.54,1710.54,467.49,"325","0","142.49","0","NIU",30,"2023-07",971,57.02
94036000,"FFSEA",1694649600,"09",2023,711,16949,"JY OCEAN TRADING","IM 4","FJ","3. Fiji","Oceania","5. Oceania","Fiji",45,94,8,"94036000",8,"94","9403","94","NOKONOKO 7 PC DINING SET",0,"null","FJ","Fiji",1687.23,230.03,1917.26,523.99,"364.28","0","159.71","0","NIU",20,"2023-09",4329,95.86
94036000,"FFSEA",1694649600,"09",2023,711,16949,"JY OCEAN TRADING","IM 4","FJ","3. Fiji","Oceania","5. Oceania","Fiji",41,94,8,"94036000",8,"94","9403","94","VITO 7PCS DINING SET",0,"null","FJ","Fiji",913.98,124.61,1038.59,283.84,"197.33","0","86.51","0","NIU",1,"2023-09",4325,1038.59
94036000,"FFSEA",1695859200,"09",2023,762,13225,"COPIER SOLUTION TECH","IM 4","FJ","3. Fiji","Oceania","5. Oceania","Fiji",9,94,8,"94036000",8,"94","9403","94","Coffee Table Outdoor  (Air Tuvalu)",0,"null","FJ","Fiji",489,64.76,553.76,151.34,"105.21","0","46.13","0","NIU",5,"2023-09",5961,110.75
94036000,"FFSEA",1689638400,"07",2023,524,16949,"JY OCEAN TRADING","IM 4","FJ","3. Fiji","Oceania","5. Oceania","Fiji",39,94,8,"94036000",8,"94","9403","94","MILANO 3+1+1 SOFA SET",0,"null","FJ","Fiji",1265.07,207.29,1472.36,402.4,"279.75","0","122.65","0","NIU",2,"2023-07",887,736.18
94036000,"FFSEA",1692662400,"08",2023,667,11267,"MACKENZIE TRADING LIMITED","IM 4","FJ","3. Fiji","Oceania","5. Oceania","Fiji",38,94,8,"94036000",8,"94","9403","94","Foam diven bed set king",0,"null","FJ","Fiji",562.18,36.66,598.84,163.66,"113.78","0","49.88","0","NIU",1,"2023-08",3639,598.84
94036000,"FFSEA",1695945600,"09",2023,774,16949,"JY OCEAN TRADING","IM 4","CN","2. China","Asia","3. Asia","China",38,94,8,"94036000",8,"94","9403","94","CHAIR 130PCS 3BAG",0,"null","CN","China",165,5.75,170.75,46.66,"32.44","0","14.22","0","NIU",3,"2023-09",6351,56.92
94036000,"FFSEA",1694649600,"09",2023,709,11605,"LEILY'S PTY LTD","IM 4","FJ","3. Fiji","Oceania","5. Oceania","Fiji",16,94,8,"94036000",8,"94","9403","94","Conference Table",0,"null","FJ","Fiji",963.23,212.89,1176.12,321.43,"223.46","0","97.97","0","NIU",105.2,"2023-09",4260,11.18
94036000,"FFSEA",1694649600,"09",2023,711,16949,"JY OCEAN TRADING","IM 4","FJ","3. Fiji","Oceania","5. Oceania","Fiji",40,94,8,"94036000",8,"94","9403","94","STANDARD FOODSAFE",0,"null","FJ","Fiji",421.46,57.46,478.92,130.88,"90.99","0","39.89","0","NIU",1,"2023-09",4324,478.92
94036000,"FFSEA",1689638400,"07",2023,524,16949,"JY OCEAN TRADING","IM 4","FJ","3. Fiji","Oceania","5. Oceania","Fiji",35,94,8,"94036000",8,"94","9403","94","FAUNA KOKI 3+1+1",0,"null","FJ","Fiji",823.21,134.89,958.1,261.85,"182.04","0","79.81","0","NIU",2,"2023-07",882,479.05
94038900,"FFSEA",1694649600,"09",2023,711,16949,"JY OCEAN TRADING","IM 4","FJ","3. Fiji","Oceania","5. Oceania","Fiji",37,94,8,"94038900",8,"94","9403","94","BARGAIN DRESSER",0,"null","FJ","Fiji",1179.94,160.87,1340.81,366.44,"254.75","0","111.69","0","KGM",3,"2023-09",4321,446.94
94038900,"FFSEA",1692057600,"08",2023,656,28020,"HALL CONTRACTING","IM 4","AU","1. Australia","Oceania","5. Oceania","Australia",19,94,8,"94038900",8,"94","9403","94","GAZEBOS",212,"null","AU","Australia",527.7,280.34,808.04,0,"0","0","0","0","KGM",20.97,"2023-08",3266,38.53
94038900,"FFSEA",1691798400,"08",2023,648,11267,"MACKENZIE TRADING LIMITED","IM 4","NZ","8. New Zealand","Oceania","5. Oceania","New Zeal",2,94,8,"94038900",8,"94","9403","94","USED SOFA",0,"null","NZ","New Zeala",952.4,124.29,1076.69,294.26,"204.57","0","89.69","0","KGM",1,"2023-08",3131,1076.69
